,genome,query_size,aligned_start,aligned_end,matches,mismatches,%_aligned,%_matched,chromosome,strand,start,end
0,taeGut2,8000,1,8000,7788,60,100,97.349999999999994,1,+,56,100
1,taeGut2,8000,6295,7425,1095,22,14.140000000000001,96.819999999999993,1,+,5,10
2,taeGut2,8000,6332,6383,45,4,0.65000000000000002,86.540000000000006,2,-,1,13
3,taeGut2,8000,6351,6387,34,1,0.46000000000000002,91.890000000000001,14,+,2,20
4,taeGut2,8000,6351,6383,31,2,0.40999999999999998,93.939999999999998,2,+,7,72
5,taeGut2,8000,6357,6383,26,1,0.34000000000000002,96.299999999999997,10,-,3,32
6,taeGut2,8000,3498,3526,25,1,0.35999999999999999,86.209999999999994,7,-,7,71
7,taeGut2,8000,3602,3624,22,1,0.28999999999999998,95.650000000000006,12,+,1,12
